id,title,metaDescription,char_count
advanced-scheduling,"Advanced Scheduling Automation, Run Tasks Only on Business Days by Country",Advanced Scheduling Automation using Python. Master Kestra workflow patterns with a ready-to-run example. Open-source and ready to use.,135
agent-text-summarizer,"Summarize Text with an AI Agent, Generate Multilingual Summaries in Short, Medium, or Long Format",Summarize Text with an AI Agent using Google Gemini. Automate intelligent workflows without custom AI infrastructure. Open-source and ready to use.,147
ai-add-tasks-deepseek,Convert Natural Language Prompts to Structured Todoist Tasks with Deepseek AI,Convert Natural Language Prompts to Structured Todoist Tasks with Deepseek AI. Automate intelligent workflows without custom AI infrastructure.,143
ai-agent-calling-flows,Trigger the Right Automation with an AI Agent Based on User Intent,Trigger the Right Automation with an AI Agent Based on User Intent using Google Gemini. Automate intelligent workflows without custom AI infrastructure.,152
ai-book-summary-perplexity,Generate a book chapter summary using Perplexity AI and email it.,Generate a book chapter summary using Perplexity AI and email it. Automate intelligent workflows without custom AI infrastructure. Open-source and ready to use.,160
ai-check-weather-gemini,"Decide When to Take Action Using AI, Check Real-Time Weather and Trigger Automations",Decide When to Take Action Using AI using Google Gemini and Slack. Automate intelligent workflows without custom AI infrastructure.,131
ai-daily-digest-email-anthropic,Generate and Send a Personalized AI-Powered Daily Digest Email Every Morning,Generate and Send a Personalized AI-Powered Daily Digest Email Every Morning using Anthropic. Automate intelligent workflows without custom AI infrastructure.,158
ai-gdpr-breach-notification,Draft GDPR Breach Notifications for Supervisory Authorities and Data Subjects,"Draft GDPR Breach Notifications for Supervisory Authorities and Data Subjects using AI, HubSpot, and Python. Automate compliance workflows. Open-source.",152
ai-gdpr-compliance-audit,Run an AI-Powered GDPR Compliance Audit with Structured Findings and Executive Summary,Run an AI-Powered GDPR Compliance Audit with Structured Findings using AI Agent. Automate compliance reviews without custom infrastructure. Open-source.,152
ai-gdpr-dpa-reviewer,Review Data Processing Agreements Against GDPR Article 28 Requirements,"Review Data Processing Agreements Against GDPR Article 28 using AI Agent, Python, and Slack. Automate compliance reviews. Open-source and ready to use.",151
ai-gdpr-dpia-assistant,Conduct a GDPR Data Protection Impact Assessment (DPIA) with RAG on Official Legal Texts,Conduct a GDPR Data Protection Impact Assessment with RAG on official legal texts using Python. Automate compliance workflows. Open-source and ready to use.,156
ai-gdpr-privacy-policy-analyzer,Analyze Privacy Policies and Cookie Notices for GDPR and ePrivacy Compliance,Analyze Privacy Policies and Cookie Notices for GDPR and ePrivacy Compliance using AI Agent. Automate intelligent workflows without custom AI infrastructure.,157
ai-learning-roadmap-n8n,AI Learning Roadmap Generator with n8n,AI Learning Roadmap Generator with n8n using Python. Automate intelligent workflows without custom AI infrastructure. Open-source and ready to use.,147
ai-notion-summary-perplexity,Generate a Daily AI News Summary and Publish It to Notion with Slack Alerts,Generate a Daily AI News Summary and Publish It to Notion with Slack Alerts using Perplexity. Automate intelligent workflows without custom AI infrastructure.,158
ai-summarize-weekly-git-commits,Summarize Weekly Git Commits with AI and Send a Development Report to Slack,Summarize weekly Git commits with OpenAI and post a dev report to Slack. Keep teams aligned on code progress effortlessly. Open-source and ready to use.,152
airbyte-cloud-dbt-cloud,Build an ETL Pipeline with Airbyte Cloud and dbt Cloud for SaaS Analytics,Build an ETL Pipeline with Airbyte Cloud and dbt Cloud for SaaS Analytics. Automate this process reliably. Open-source and ready to use.,136
airbyte-cloud-dbt,Build an ETL Pipeline with Airbyte Cloud and dbt Core for SaaS Analytics,Build an ETL Pipeline with Airbyte Cloud and dbt Core for SaaS Analytics using Git. Automate this process reliably. Open-source and ready to use.,145
airbyte-cloud-sync,Run a Scheduled ETL Sync with Airbyte Cloud,Run a Scheduled ETL Sync with Airbyte Cloud. Automate this process reliably and focus on what matters. Open-source and ready to use.,132
airbyte-sync-parallel-with-dbt,Build an ETL Pipeline with Parallel Airbyte Syncs and dbt Core Transformations,Build an ETL Pipeline with Parallel Airbyte Syncs and dbt Core Transformations using Git. Automate this process reliably. Open-source and ready to use.,151
airbyte-sync-parallel,Run Parallel ETL Ingestion with Airbyte to Sync Multiple Data Sources,Run Parallel ETL Ingestion with Airbyte to Sync Multiple Data Sources. Automate this process reliably and focus on what matters. Open-source and ready to use.,158
airflow-trigger-dag,Trigger an Airflow DAG,Trigger an Airflow DAG. Automate this process reliably and focus on what matters. Open-source and ready to use.,111
ansible-config-drift,"Security & Compliance, Detect and Alert on Infrastructure Configuration Drift with Ansible",Detect and Alert on Infrastructure Configuration Drift with Ansible. Automate security compliance and reduce manual toil. Open-source and ready to use.,151
ansible-deploy-configuration,"Ansible Scalability, Deploy Configuration Files to Multiple Servers at Scale","Ansible Scalability, Deploy Configuration Files to Multiple Servers at Scale. Automate cloud operations without writing glue code. Open-source and ready to use.",160
ansible-local-message,"Ansible 101, How to Orchestrate and Run a Simple Ansible Playbook","Ansible 101, How to Orchestrate and Run a Simple Ansible Playbook. Automate this process reliably and focus on what matters. Open-source and ready to use.",154
api-json-to-postgres,"Extract data, transform it, and load it in parallel to S3 and Postgres — in less than 7 seconds!",Extract data using Python. Automate this process reliably and focus on what matters. Open-source and ready to use.,114
api-python-sql,"Build an ETL Pipeline from a REST API Using Python, Polars, and DuckDB",Build an ETL Pipeline from a REST API Using Python using Docker. Automate this process reliably and focus on what matters. Open-source and ready to use.,152
apify-to-notion,Run Apify actor and update Notion,Run Apify actor and update Notion. Automate this process reliably and focus on what matters. Open-source and ready to use.,122
argocd-app-management,Manage an Argo CD Application with Sync Verification,Manage an Argo CD Application with Sync Verification using Kubernetes. Automate this process reliably and focus on what matters. Open-source and ready to use.,158
argocd-single-tenant-wave-rollout,"Single-tenant Argo CD rollout with waves, guarded sync strategy, and Status-based readiness gates",Single-tenant Argo CD rollout with waves. Master Kestra workflow patterns with a ready-to-run example. Open-source and ready to use.,132
audit-logs-csv-export,Export Kestra audit logs as a CSV file and send out via Email.,Export Kestra audit logs as a CSV file and send out via Email using Schedule. Master Kestra workflow patterns. Open-source and ready to use.,140
auditlogs-to-bigquery,Stream kestra audit logs from a Kafka topic to BigQuery for analytics and troubleshooting,Stream kestra audit logs from a Kafka topic to BigQuery for analytics and troubleshooting. Automate cloud operations without writing glue code.,143
aws-batch-terraform-git,"High-Performance Computing, Run Parallel Python Workloads on AWS Batch with ECS Fargate",High-Performance Computing using Git and Terraform. Automate cloud operations without writing glue code. Open-source and ready to use.,134
aws-event-bridge,Publish Application and System Events to AWS EventBridge for Event-Driven Architectures,Publish Application and System Events to AWS EventBridge for Event-Driven Architectures. Automate cloud operations without writing glue code.,141
aws-kinesis-json,Stream JSON and Application Events to AWS Kinesis Data Streams at Scale,Stream JSON and Application Events to AWS Kinesis Data Streams at Scale. Automate cloud operations without writing glue code. Open-source and ready to use.,155
aws-lambda,Microservice orchestration: invoke multiple AWS Lambda functions in parallel,Microservice orchestration: invoke multiple AWS Lambda functions in parallel using Shell. Automate cloud operations without writing glue code.,142
aws-log-shipper,Automatically Ship Workflow and System Logs to AWS CloudWatch,Automatically Ship Workflow and System Logs to AWS CloudWatch using Schedule. Automate cloud operations without writing glue code. Open-source and ready to use.,160
azure-blob-to-bigquery,Automate Cross-Cloud ETL from Azure Blob Storage to BigQuery with dbt Cloud,Automate Cross-Cloud ETL from Azure Blob Storage to BigQuery with dbt Cloud. Automate this process reliably. Open-source and ready to use.,138
build-aws-ecr-image,AWS ECR CI/CD Build and Push Docker Images to AWS Elastic Container Registry,AWS ECR CI/CD Build and Push Docker Images to AWS Elastic Container Registry. Automate cloud operations without writing glue code. Open-source and ready to use.,160
build-gcp-artifact-registry-image,"Google Cloud CI/CD, Build and Push Docker Images to Google Cloud Artifact Registry",Google Cloud CI/CD. Automate cloud operations without writing glue code. Open-source and ready to use.,102
business-automation,Getting started with Kestra — a Business Automation workflow example,Getting started with Kestra — a Business Automation workflow example. Get up and running with Kestra in minutes. Open-source and ready to use.,142
business-processes,Getting started with Kestra — a Business Processes workflow example,Getting started with Kestra — a Business Processes workflow example using Slack. Get up and running with Kestra in minutes. Open-source and ready to use.,153
caching,Cache a computationally expensive task in an ETL pipeline using the taskCache property,Cache a computationally expensive task in an ETL pipeline using the taskCache property using DuckDB. Master Kestra workflow patterns.,133
cassandra-to-bigquery,Build an ETL Pipeline from Cassandra to BigQuery Using CSV Export,Build an ETL Pipeline from Cassandra to BigQuery Using CSV Export. Automate this process reliably and focus on what matters. Open-source and ready to use.,154
chat-with-your-data,Build a Chat-With-Your-Data System Using Elasticsearch and OpenAI (RAG),Build a Chat-With-Your-Data System Using Elasticsearch and OpenAI (RAG). Automate intelligent workflows without custom AI infrastructure.,137
ci-cd-for-kestra-flows,"CI/CD for Kestra, Deploy and Manage Flows from GitHub Using Webhooks",CI/CD for Kestra using Shell. Automate this process reliably and focus on what matters. Open-source and ready to use.,117
ci-cd-github-webhook,"CI/CD with GitHub Webhooks, Process Pull Request Events and Test Locally with JSON Payloads",CI/CD with GitHub Webhooks using Python and Docker. Master Kestra workflow patterns with a ready-to-run example. Open-source and ready to use.,142
cloudquery-aws,Ingest AWS Resource Metadata into Postgres Using CloudQuery for Security and Governance Analysis,Ingest AWS Resource Metadata into Postgres Using CloudQuery for Security and Governance Analysis. Automate cloud operations without writing glue code.,150
cloudquery-sync-hn-to-parquet,"Data Ingestion Pipeline, Sync Hacker News Data to CSV Files Using CloudQuery",Sync Hacker News Data to CSV Files Using CloudQuery on a Schedule. Automate this process reliably and focus on what matters. Open-source and ready to use.,154
cloudquery-sync,Schedule CloudQuery Data Ingestion into DuckDB for Analytics and Exploration,Schedule CloudQuery Data Ingestion into DuckDB for Analytics and Exploration. Automate this process reliably. Open-source and ready to use.,139
copy-flows-to-new-tenant,"Multi-Tenant CI/CD, Promote Kestra Flows Across Environments and Tenants Automatically",Multi-Tenant CI/CD using Schedule. Master Kestra workflow patterns with a ready-to-run example. Open-source and ready to use.,125
copyin-postgres,Bulk Load CSV Data into PostgreSQL Using COPY for Fast ETL Ingestion,Bulk Load CSV Data into PostgreSQL Using COPY for Fast ETL Ingestion. Automate this process reliably and focus on what matters. Open-source and ready to use.,157
couchbase-to-pandas,Extract Data from Couchbase and Transform It with Pandas for Analytics,Extract Data from Couchbase and Transform It with Pandas for Analytics using Python. Automate this process reliably. Open-source and ready to use.,146
create-github-issue-on-failure,Automatically Create a GitHub Issue When a Workflow or Job Fails,Automatically Create a GitHub Issue When a Workflow or Job Fails. Master Kestra workflow patterns with a ready-to-run example. Open-source and ready to use.,156
create-hubspot-ticket-on-failure,Create HubSpot Tickets Automatically for Incident Management,Create HubSpot Tickets Automatically for Incident Management. Master Kestra workflow patterns with a ready-to-run example. Open-source and ready to use.,152
create-jira-ticket-on-failure,Create Jira Issues Automatically for Incident Management,Create Jira Issues Automatically for Incident Management. Master Kestra workflow patterns with a ready-to-run example. Open-source and ready to use.,148
create-linear-issue-on-failure,Create Linear Issues Automatically for Incident Management,Create Linear Issues Automatically for Incident Management. Automate this process reliably and focus on what matters. Open-source and ready to use.,147
create-pagerduty-alert-on-failure,Trigger PagerDuty Alerts Automatically for Incident Response,Trigger PagerDuty Alerts Automatically for Incident Response. Master Kestra workflow patterns with a ready-to-run example. Open-source and ready to use.,152
create-repository,Create and Manage GitHub Repositories with Terraform for CI/CD Best Practices,Create and Manage GitHub Repositories with Terraform for CI/CD Best Practices. Automate this process reliably. Open-source and ready to use.,140
create-vm-gcp-terraform,"Provision Google Cloud VMs with Terraform, IPAM, and Slack Notifications",Provision Google Cloud VMs with Terraform using Python. Automate this process reliably and focus on what matters. Open-source and ready to use.,143
create-zendesk-ticket-on-failure,Create a ticket in Zendesk when a workflow fails,Create a ticket in Zendesk when a workflow fails. Master Kestra workflow patterns with a ready-to-run example. Open-source and ready to use.,140
csv-duckdb-slack,Run scheduled sales analytics on CSV data with DuckDB and post results to Slack,Run scheduled sales analytics on CSV data with DuckDB and post results to Slack. Automate this process reliably. Open-source and ready to use.,142
dagster-trigger-job,Trigger a Dagster Job,Trigger a Dagster Job. Automate this process reliably and focus on what matters. Open-source and ready to use.,110
daily-shopify-stripe-summary,Automate daily e-commerce reporting by syncing Shopify orders and Stripe balance to Notion and Slack,Automate daily e-commerce reporting by syncing Shopify orders and Stripe balance to Notion and Slack. Automate this process reliably.,133
data-engineering-pipeline,Getting started with Kestra — a Data Engineering Pipeline example,Getting started with Kestra — a Data Engineering Pipeline using Python and DuckDB. Get up and running with Kestra in minutes. Open-source and ready to use.,155
data-pipeline-assets,"Build governed analytics assets with DuckDB using data lineage, staging, and mart layers",Build governed analytics assets with DuckDB using data lineage. Master Kestra workflow patterns with a ready-to-run example. Open-source and ready to use.,154
databricks-sql,Query Databricks SQL and process lakehouse data with Python and Pandas,Query Databricks SQL and process lakehouse data with Python and Pandas. Automate this process reliably and focus on what matters. Open-source and ready to use.,159
datadog-log-shipper,Ship Kestra execution logs to Datadog for centralized observability,Ship Kestra execution logs to Datadog for centralized observability. Master Kestra workflow patterns with a ready-to-run example. Open-source and ready to use.,159
datagen-mongodb,Generate mock JSON data and send the file to MongoDB,Generate mock JSON data and send the file to MongoDB. Automate this process reliably and focus on what matters. Open-source and ready to use.,141
dbt-bigquery,Run dbt transformations on Google BigQuery from Git for analytics ETL,Run dbt transformations on Google BigQuery from Git for analytics ETL using Docker. Automate this process reliably. Open-source and ready to use.,145
dbt-duckdb,Run dbt transformations on DuckDB from Git for local analytics and ELT,Run dbt transformations on DuckDB from Git for local analytics and ELT using Docker. Automate this process reliably. Open-source and ready to use.,146
dbt-git-docker-duckdb,Run dbt ELT pipelines with DuckDB from Git using Docker,Run dbt ELT pipelines with DuckDB from Git using Docker. Automate this process reliably and focus on what matters. Open-source and ready to use.,144
dbt-motherduck,Run dbt ELT pipelines on MotherDuck from Git using Docker,Run dbt ELT pipelines on MotherDuck from Git using Docker. Automate this process reliably and focus on what matters. Open-source and ready to use.,146
dbt-postgres,Run dbt ELT pipelines on Postgres from Git using Docker,Run dbt ELT pipelines on Postgres from Git using Docker. Automate this process reliably and focus on what matters. Open-source and ready to use.,144
dbt-redshift,Run dbt models on Amazon Redshift directly from a Git repository,Run dbt models on Amazon Redshift directly from a Git repository using Docker. Automate this process reliably. Open-source and ready to use.,140
dbt-snowflake,Execute dbt transformations on Snowflake using a Git-based workflow,Execute dbt transformations on Snowflake using a Git-based workflow using Docker. Automate this process reliably. Open-source and ready to use.,143
debezium-mysql-realtime-trigger,Monitor MySQL DELETE events in real time with Debezium and send Slack alerts,Monitor MySQL DELETE events in real time with Debezium and send Slack alerts. Automate this process reliably. Open-source and ready to use.,139
discord-alert,Send a Discord message when a production workflow fails,Send a Discord message when a production workflow fails. Eliminate repetitive manual tasks and reclaim your time. Open-source and ready to use.,143
dlt-elt-chess-api-to-duckdb,Run a scheduled ELT pipeline in Python: extract Chess.com API data and load it into DuckDB with dltHub,Run a scheduled ELT pipeline in Python: extract Chess.com API data and load it into DuckDB with dltHub using Docker. Automate this process reliably.,148
dlt-google-analytics-to-duckdb,Build a Python ELT pipeline to extract Google Analytics data and load it into DuckDB with dlt,Build a Python ELT pipeline to extract Google Analytics data and load it into DuckDB with dlt using Docker. Automate this process reliably.,139
dlt-json-to-duckdb,Build a Python pipeline to load JSON API data into DuckDB using dlt,Build a Python pipeline to load JSON API data into DuckDB using dlt using Docker. Automate this process reliably. Open-source and ready to use.,143
dlt-pipedrive-to-bigquery,Load Pipedrive CRM data into BigQuery with a scheduled dlt pipeline,Load Pipedrive CRM data into BigQuery with a scheduled dlt pipeline using Python and Docker. Automate this process reliably. Open-source and ready to use.,154
dlt-zendesk-to-duckdb,Ingest Zendesk data into DuckDB using dlt,Ingest Zendesk data into DuckDB using dlt using Python and Docker. Automate this process reliably and focus on what matters. Open-source and ready to use.,154
dlt-zendesk-to-weaviate,Ingest Zendesk data into Weaviate using dlt,Ingest Zendesk data into Weaviate using dlt using Python and Docker. Automate this process reliably and focus on what matters. Open-source and ready to use.,156
download-parquet-from-databricks,Download a Parquet file from Databricks DBFS and process it with Python,Download a Parquet file from Databricks DBFS and process it with Python using Docker. Automate this process reliably. Open-source and ready to use.,147
dremio-sql-python,Query data from Dremio and process it in Polars with a Python script,Query data from Dremio and process it in Polars with a Python script using Docker. Automate this process reliably. Open-source and ready to use.,144
druid-to-pandas,Fetch data from Apache Druid and transform it in Python with Pandas,Fetch data from Apache Druid and transform it in Python with Pandas. Master Kestra workflow patterns with a ready-to-run example. Open-source and ready to use.,159
druid-to-redshift,Query data from Druid and load it to Redshift,Query data from Druid and load it to Redshift. Automate cloud operations without writing glue code. Open-source and ready to use.,129
duckdb-query,"Analyze salaries of data professionals using a SQL query in DuckDB, extract the results to a CSV file",Analyze salaries of data professionals using a SQL query in DuckDB. Automate this process reliably and focus on what matters. Open-source and ready to use.,155
dwh-and-analytics,Getting started with Kestra — a Data Warehouse and Analytics workflow example,"Getting started with Kestra — a Data Warehouse and Analytics workflow example using Git, dbt, and Docker. Automate this process reliably.",137
elastic-esql-query-to-python-pandas-dataframe,Run Elastic ESQL query and read the data as a Pandas DataFrame,Run Elastic ESQL query and read the data as a Pandas DataFrame using Elasticsearch and Python. Master Kestra workflow patterns. Open-source and ready to use.,157
elasticsearch,Load and search data using Elasticsearch,Load and search data using Elasticsearch. Master Kestra workflow patterns with a ready-to-run example. Open-source and ready to use.,132
elt-notification-telegram,"Run a dbt job and Hightouch sync, send a Telegram message on workflow completion",Run a dbt job and Hightouch sync using Git and Docker. Automate this process reliably and focus on what matters. Open-source and ready to use.,142
error-logs,"Error Handling & Observability, Send  Detailed Failure Context to Slack",Error Handling & Observability. Master Kestra workflow patterns with a ready-to-run example. Open-source and ready to use.,122
every-monday,Run a flow on the first Monday of each month at 11 AM,Run a flow on the first Monday of each month at 11 AM using Schedule. Master Kestra workflow patterns with a ready-to-run example. Open-source and ready to use.,160
explain-error-with-llm,Explain Workflow Failures with OpenAI and Send Insights to Slack,Explain Workflow Failures with OpenAI and Send Insights to Slack using Python. Automate intelligent workflows without custom AI infrastructure.,143
extract-load-mysql,Create table and load data to MySQL using SQL - using taskDefaults to eliminate boilerplate code,Create table and load data to MySQL using SQL - using taskDefaults to eliminate boilerplate code. Automate this process reliably. Open-source and ready to use.,159
extract-load-postgres,Run DDL queries and load data to Postgres,Run DDL queries and load data to Postgres. Master Kestra workflow patterns with a ready-to-run example. Open-source and ready to use.,133
failure-alert-discord,Set up alerts for failed workflow executions using Discord,Set up alerts for failed workflow executions using Discord. Master Kestra workflow patterns with a ready-to-run example. Open-source and ready to use.,150
failure-alert-email,Set up alerts for failed workflow executions using Email,Set up alerts for failed workflow executions using Email. Master Kestra workflow patterns with a ready-to-run example. Open-source and ready to use.,148
failure-alert-gmail,Set up alerts for failed workflow executions using Gmail,Set up alerts for failed workflow executions using Gmail. Master Kestra workflow patterns with a ready-to-run example. Open-source and ready to use.,148
failure-alert-googlechat,Send a Google Chat notification when a workflow fails,Send a Google Chat notification when a workflow fails. Master Kestra workflow patterns with a ready-to-run example. Open-source and ready to use.,145
failure-alert-sentry-1,Set up alerts for failed workflow executions using Sentry,Set up alerts for failed workflow executions using Sentry. Master Kestra workflow patterns with a ready-to-run example. Open-source and ready to use.,149
failure-alert-sentry,Send an alert to Sentry when any flow fails in the company namespace,Send an alert to Sentry when any flow fails in the company namespace. Master Kestra workflow patterns with a ready-to-run example. Open-source and ready to use.,160
failure-alert-slack,Set up alerts for failed workflow executions using Slack,Set up alerts for failed workflow executions using Slack. Master Kestra workflow patterns with a ready-to-run example. Open-source and ready to use.,148
failure-alert-teams,Set up alerts for failed workflow executions using Microsoft Teams,Set up alerts for failed workflow executions using Microsoft Teams. Master Kestra workflow patterns with a ready-to-run example. Open-source and ready to use.,158
failure-alert-twilio,Send Twilio notification when a workflow fails,Send Twilio notification when a workflow fails. Master Kestra workflow patterns with a ready-to-run example. Open-source and ready to use.,138
failure-alert-zenduty,Set up alerts for failed workflow executions using Zenduty,Set up alerts for failed workflow executions using Zenduty. Master Kestra workflow patterns with a ready-to-run example. Open-source and ready to use.,150
file-processing,"Download a ZIP file, unzip it, and convert it from CSV to Parquet","Download a ZIP file, unzip it, and convert it from CSV to Parquet. Master Kestra workflow patterns with a ready-to-run example. Open-source and ready to use.",157
fivetran-dbt-cloud,"Trigger multiple Fivetran syncs in parallel, then run a dbt Cloud job","Trigger multiple Fivetran syncs in parallel, then run a dbt Cloud job. Automate this process reliably and focus on what matters. Open-source and ready to use.",158
fivetran-sync-parallel-dbt-core,"Trigger multiple Fivetran syncs in parallel, then run a dbt job",Trigger multiple Fivetran syncs in parallel using Git. Automate this process reliably and focus on what matters. Open-source and ready to use.,142
flow-condition-executionflow,Executes flow on flow trigger with ExecutionFlow condition,Executes flow on flow trigger with ExecutionFlow condition. Master Kestra workflow patterns with a ready-to-run example. Open-source and ready to use.,150
flow-condition-executionlabels,Executes flow on flow trigger with ExecutionLabels condition,Executes flow on flow trigger with ExecutionLabels condition. Master Kestra workflow patterns with a ready-to-run example. Open-source and ready to use.,152
flow-condition-executionnamespace,Executes flow on flow trigger with ExecutionNamespace condition,Executes flow on flow trigger with ExecutionNamespace condition using Slack. Master Kestra workflow patterns. Open-source and ready to use.,139
flow-condition-executionstatus,Executes flow on flow trigger with ExecutionStatus condition,Executes flow on flow trigger with ExecutionStatus condition using Slack. Master Kestra workflow patterns. Open-source and ready to use.,136
flow-condition-hasretryattempt,Executes flow on flow trigger with HasRetryAttempt condition,Executes flow on flow trigger with HasRetryAttempt condition using Slack. Master Kestra workflow patterns. Open-source and ready to use.,136
flow-condition-not,Executes flow on flow trigger with Not condition,Executes flow on flow trigger with Not condition. Master Kestra workflow patterns with a ready-to-run example. Open-source and ready to use.,140
flow-downstream,Trigger a flow when other flows finish successfully,Trigger a flow when other flows finish successfully. Master Kestra workflow patterns with a ready-to-run example. Open-source and ready to use.,143
generate-pdf-with-gotenberg,"Generate PDF files from HTML, Markdown, Word or Excel using Gotenberg",Generate PDF files from HTML using Shell. Eliminate repetitive manual tasks and reclaim your time. Open-source and ready to use.,128
generate-seo-summary,Generate an SEO summary of an article using HTTP REST API and OpenAI plugins,Generate an SEO summary of an article using HTTP REST API and OpenAI plugins. Automate intelligent workflows without custom AI infrastructure.,142
get-all-namespaces,Retrieve all namespaces from a Kestra instance via REST API,Retrieve all namespaces from a Kestra instance via REST API. Master Kestra workflow patterns with a ready-to-run example. Open-source and ready to use.,151
git-flows-files-kv-sync-from-gitlab,"Sync Flows, Files, and KV Stores from GitLab with GitOps Best Practices","Sync Flows, Files, and KV Stores from GitLab with GitOps Best Practices. Automate GitOps workflows with zero manual effort. Open-source and ready to use.",153
git-flows-files-kv-sync-to-gitlab,Export All Kestra Namespaces to GitLab with Releases for GitOps Best Practices,Export All Kestra Namespaces to GitLab with Releases for GitOps Best Practices. Master Kestra workflow patterns. Open-source and ready to use.,142
git-python,Clone a GitHub repository and run a Python ETL script,Clone a GitHub repository and run a Python ETL script using Docker. Automate this process reliably and focus on what matters. Open-source and ready to use.,155
git-scripts,Clone a GitHub repository and run a Shell script,Clone a GitHub repository and run a Shell script using Docker. Automate this process reliably and focus on what matters. Open-source and ready to use.,150
git-spark,Clone a Git repository with PySpark code and run a Spark job using the Spark Submit CLI,Clone a Git repository with PySpark code and run a Spark job using the Spark Submit CLI using Apache Spark. Automate this process reliably.,139
git-terraform,Deploy Terraform resources defined in a GitHub repository using S3 remote backend,Deploy Terraform resources defined in a GitHub repository using S3 remote backend. Automate this process reliably. Open-source and ready to use.,144
github-push-and-create-pr,Dev to Prod: Push Flows and Files to GitHub and Create a Pull Request to merge into `main`,Dev to Prod: Push Flows and Files to GitHub and Create a Pull Request to merge into `main` using Slack. Automate this process reliably.,135
github-search,Search GitHub org and log most starred repo,Search GitHub org and log most starred repo. Eliminate repetitive manual tasks and reclaim your time. Open-source and ready to use.,131
gitlab-triage-stale-issues,Triage Stale GitLab Issues and Create a Weekly Report,Triage Stale GitLab Issues and Create a Weekly Report using Python. Eliminate repetitive manual tasks and reclaim your time. Open-source and ready to use.,154
google-sheet-airtable-sync,Sync Google Sheets article pitches into Airtable,Sync Google Sheets article pitches into Airtable. Eliminate repetitive manual tasks and reclaim your time. Open-source and ready to use.,136
gpu-modal,GPU-accelerated Python script with Modal,GPU-accelerated Python script with Modal using Git. Master Kestra workflow patterns with a ready-to-run example. Open-source and ready to use.,142
graphql-query-github,Query GitHub API with a GraphQL Query task,Query GitHub API with a GraphQL Query task. Eliminate repetitive manual tasks and reclaim your time. Open-source and ready to use.,130
gsheet-to-bigquery,Read a Google Spreadsheet & Load it to BigQuery,Read a Google Spreadsheet & Load it to BigQuery. Automate this process reliably and focus on what matters. Open-source and ready to use.,136
hello-world,Getting started with Kestra — a Hello World Example,Getting started with Kestra — a Hello World Example using Shell. Get up and running with Kestra in minutes. Open-source and ready to use.,137
http-check,Monitor availability of an HTTP endpoint and send a Slack alert if a service is unhealthy,Monitor availability of an HTTP endpoint and send a Slack alert if a service is unhealthy. Master Kestra workflow patterns. Open-source and ready to use.,153
hubspot-postgres-sync,Sync new users from Postgres to HubSpot,Sync new users from Postgres to HubSpot. Eliminate repetitive manual tasks and reclaim your time. Open-source and ready to use.,127
hubspot-query-company,Query and filter customer data from HubSpot,Query and filter customer data from HubSpot. Eliminate repetitive manual tasks and reclaim your time. Open-source and ready to use.,131
hubspot-to-bigquery,Sync Hubspot CRM data to BigQuery on a schedule,Sync Hubspot CRM data to BigQuery on a schedule using CloudQuery. Automate this process reliably and focus on what matters. Open-source and ready to use.,153
huggingface_message_classification,Use HuggingFace Inference API to classify customer message,Use HuggingFace Inference API to classify customer message. Automate intelligent workflows without custom AI infrastructure. Open-source and ready to use.,154
influxdb-load-query-data,Load time series data into InfluxDB,Load time series data into InfluxDB using DuckDB. Automate this process reliably and focus on what matters. Open-source and ready to use.,137
infrastructure-assets,Govern cloud infrastructure with Kestra Assets — automated S3 bucket provisioning by team,Govern cloud infrastructure with Kestra Assets — automated S3 bucket provisioning by team. Master Kestra workflow patterns. Open-source and ready to use.,153
infrastructure-automation,Getting started with Kestra — an Infrastructure Automation workflow example,Getting started with Kestra — an Infrastructure Automation example using Terraform. Get up and running with Kestra in minutes. Open-source and ready to use.,156
ingest-to-datalake-event-driven,"Event-driven data ingestion to AWS S3 data lake managed by Apache Iceberg, AWS Glue and Amazon Athena","Event-driven data ingestion to AWS S3 data lake managed by Apache Iceberg using Git, Python, and Docker. Automate this process reliably.",136
ingest-to-datalake-git,"Ingest data to AWS S3 with Git, Python, Apache Iceberg, AWS Glue and Amazon Athena",Ingest data to AWS S3 with Git using Docker. Automate this process reliably and focus on what matters. Open-source and ready to use.,132
ingest-to-datalake-inline-python,"Ingest data to AWS S3 with Python, Apache Iceberg, AWS Glue and Athena",Ingest data to AWS S3 with Python using Docker. Automate this process reliably and focus on what matters. Open-source and ready to use.,135
json-from-api-to-mongodb,Scrape API in a Python task running in a Docker container and load the JSON document to a MongoDB collection,Scrape API in a Python task running in a Docker container and load the JSON document to a MongoDB collection. Automate this process reliably.,141
k8-pod-lifecycle,"Kubernetes Pod Lifecycle Management: Create, Inspect, and Cleanup","Kubernetes Pod Lifecycle Management: Create, Inspect, and Cleanup. Automate this process reliably and focus on what matters. Open-source and ready to use.",154
k8s-ai-incident-monitor,"Kubernetes AI-powered incident monitoring, analysis, and alerting",Kubernetes AI-powered incident monitoring using Google Gemini and Python. Automate intelligent workflows without custom AI infrastructure.,138
k8s-namespace-logs-and-events,Fetch logs from all pods in a Kubernetes namespace,Fetch logs from all pods in a Kubernetes namespace using Shell and Docker. Master Kestra workflow patterns. Open-source and ready to use.,137
kubernetes-script-runner,Run a Python script in a Kubernetes pod,Run a Python script in a Kubernetes pod. Master Kestra workflow patterns with a ready-to-run example. Open-source and ready to use.,131
kv-store-purge,Purge KV Store,Purge KV Store using Schedule. Master Kestra workflow patterns with a ready-to-run example. Open-source and ready to use.,121
listen-debezium,"Use Debezium to trigger a flow whenever new entries hit a Postgres database, then send notification to Slack and process data in Python",Use Debezium to trigger a flow whenever new entries hit a Postgres database. Automate this process reliably. Open-source and ready to use.,138
load-multiple-csv-files-into-excel,Load multiple CSV files from an HTTP API into Excel Sheets,Load multiple CSV files from an HTTP API into Excel Sheets. Automate this process reliably and focus on what matters. Open-source and ready to use.,147
load-pokemon,Extract JSON data from an API and load it as a document to MongoDB,Extract JSON data from an API and load it as a document to MongoDB. Automate this process reliably and focus on what matters. Open-source and ready to use.,155
loguru,Logging configuration in a Python script using Loguru,Logging configuration in a Python script using Loguru using Docker. Master Kestra workflow patterns with a ready-to-run example. Open-source and ready to use.,158
manage-aiven-resources-from-cli,Manage Aiven resources from the CLI — start and stop services or databases on schedule,Manage Aiven resources from the CLI — start and stop services or databases on schedule using Python and Docker. Master Kestra workflow patterns.,144
microservices-and-apis,Getting started with Kestra — a Microservices and APIs workflow example,Getting started with Kestra — a Microservices and APIs workflow example using Slack. Get up and running with Kestra in minutes. Open-source and ready to use.,157
monthly-sales-report,"Upload data to S3 in Python using boto3, transform it in a SQL query with DuckDB and send a CSV report via email every first day of the month",Upload data to S3 in Python using boto3 using Docker. Automate this process reliably and focus on what matters. Open-source and ready to use.,141
multi-cloud-deployment,"Multi-cloud deployment pipeline with Docker, ngrok, GCP Cloud Run, and Azure Container Apps",Multi-cloud deployment pipeline with Docker using Git and Shell. Automate cloud operations without writing glue code. Open-source and ready to use.,147
namespace-sync-from-git,Sync namespace resources between Git and Kestra at regular intervals,Sync namespace resources between Git and Kestra at regular intervals. Master Kestra workflow patterns with a ready-to-run example. Open-source and ready to use.,160
nutanix-safe-patching-workflow,Nutanix safe patching with snapshot rollback,Nutanix safe patching with snapshot rollback using Shell and Slack. Automate this process reliably and focus on what matters. Open-source and ready to use.,155
on-demand-cluster-job,Run a task on an on-demand Databricks cluster,Run a task on an on-demand Databricks cluster. Automate cloud operations without writing glue code. Open-source and ready to use.,129
on-failure-alert,Error handling: send Slack alert on failure,Error handling: send Slack alert on failure using Shell. Master Kestra workflow patterns with a ready-to-run example. Open-source and ready to use.,147
opa-policy-gate-ci,Enforce CI/CD guardrails with OPA (Rego) policy gate,Enforce CI/CD guardrails with OPA (Rego) policy gate. Automate this process reliably and focus on what matters. Open-source and ready to use.,141
openai-dall-e-create-image,Create an image using OpenAI's DALL-E,Create an image using OpenAI's DALL-E. Automate intelligent workflows without custom AI infrastructure. Open-source and ready to use.,133
opsgenie-notify-on-failure,Send a notification via Opsgenie when a workflow fails,Send a notification via Opsgenie when a workflow fails. Automate this process reliably and focus on what matters. Open-source and ready to use.,143
orchestrate-zenml,Run a ZenML flow from Kestra until its completion and stream logs in real-time,Run a ZenML flow from Kestra until its completion and stream logs in real-time using Python. Automate this process reliably. Open-source and ready to use.,154
papermill-notebook,Run a Papermill notebook,Run a Papermill notebook using Python. Automate this process reliably and focus on what matters. Open-source and ready to use.,126
parallel-files,Process files in parallel,Process files in parallel using Shell. Master Kestra workflow patterns with a ready-to-run example. Open-source and ready to use.,129
parallel-python,Add a parametrized Python script as a Namespace File and run it in parallel in Docker containers,Add a parametrized Python script as a Namespace File and run it in parallel in Docker containers. Master Kestra workflow patterns. Open-source and ready to use.,160
parallel-subflows,Run multiple subflows in parallel and wait for their completion - use taskDefaults to avoid boilerplate code,Run multiple subflows in parallel and wait for their completion - use taskDefaults to avoid boilerplate code. Master Kestra workflow patterns.,142
parametrized-flow-with-multiple-schedules,Parametrized workflow with multiple schedules,Parametrized workflow with multiple schedules. Master Kestra workflow patterns with a ready-to-run example. Open-source and ready to use.,137
parquet-duckdb-to-excel,Extract and transform a Parquet file using DuckDB and export it in Excel format,Extract and transform a Parquet file using DuckDB and export it in Excel format. Automate this process reliably. Open-source and ready to use.,142
parse-pdf,Download a PDF file and extract text from it using Apache Tika,Download a PDF file and extract text from it using Apache Tika. Master Kestra workflow patterns with a ready-to-run example. Open-source and ready to use.,154
parse-twitter-json-payload,Check if a given key exists in a JSON REST API payload,Check if a given key exists in a JSON REST API payload. Master Kestra workflow patterns with a ready-to-run example. Open-source and ready to use.,146
pass-data-between-subflows,Pass data between subflows — use outputs from the child flow in a parent flow,Pass data between subflows — use outputs from the child flow in a parent flow. Master Kestra workflow patterns. Open-source and ready to use.,141
pass-data-between-tasks,Pass data between Python script tasks and Shell tasks using Outputs,Pass data between Python script tasks and Shell tasks using Outputs using Docker. Master Kestra workflow patterns. Open-source and ready to use.,144
pinot-to-bigquery,Extract data from Apache Pinot into a CSV format and load it into BigQuery,Extract data from Apache Pinot into a CSV format and load it into BigQuery. Automate this process reliably. Open-source and ready to use.,137
postgres-s3-python-git,"Extract data from an API and load it to Postgres using Python, Git and Docker (passing custom environment variables to the container)",Extract data from an API and load it to Postgres using Python. Automate this process reliably and focus on what matters. Open-source and ready to use.,150
postgres-s3-python-script,"Extract data from an API using Python, then load it to Postgres and S3","Extract data from an API using Python, then load it to Postgres and S3. Automate this process reliably and focus on what matters. Open-source and ready to use.",159
postgres-to-pandas-dataframes,Extract multiple tables from Postgres using SQL queries and process those as Pandas dataframes on schedule,Extract multiple Postgres tables via SQL and process them as Pandas dataframes on schedule using Python. Automate this process reliably. Open-source.,149
prefect-to-resend-weekly,Trigger Prefect flow weekly and send email notification,Trigger Prefect flow weekly and send email notification using Resend. Automate this process reliably and focus on what matters. Open-source and ready to use.,157
process-s3-file-if-changed,Process a file from S3 only if it changed since the last execution,Process a file from S3 only if it changed since the last execution using Python and Docker. Automate cloud operations without writing glue code.,144
process-script-runner,Run a Shell script as a subprocess on the Kestra host,Run a Shell script as a subprocess on the Kestra host. Automate this process reliably and focus on what matters. Open-source and ready to use.,142
produce-kafka-message,Extract data from a REST API and send it to a Kafka topic using the Kafka producer task,Extract data from a REST API and send it to a Kafka topic using the Kafka producer task. Automate this process reliably. Open-source and ready to use.,150
produce-to-rabbitmq,Read a CSV file and load each row into RabbitMQ,Read a CSV file and load each row into RabbitMQ. Automate this process reliably and focus on what matters. Open-source and ready to use.,136
pulsar-realtime-trigger,Use Pulsar Realtime Trigger to push events into MySQL,Use Pulsar Realtime Trigger to push events into MySQL. Automate this process reliably and focus on what matters. Open-source and ready to use.,142
purge-disk-space-interactively,"Interactively purge logs, executions, and internal storage files to free up disk space","Purge logs, executions, and storage files interactively to free up disk space. Master Kestra workflow patterns with a ready-to-run example.",139
purge,"Purge execution data including logs, metrics and outputs on a schedule","Purge execution data — logs, metrics, and outputs — on a schedule. Master Kestra workflow patterns with a ready-to-run example. Open-source and ready to use.",157
push-to-git,Push code to Git at regular intervals,Push code to Git at regular intervals. Master Kestra workflow patterns with a ready-to-run example. Open-source and ready to use.,129
python-aws-ecr,Pull a container image from Amazon ECR registry and run a Python script,Pull a container image from Amazon ECR registry and run a Python script using AWS ECR and Docker. Automate cloud operations without writing glue code.,150
python-csv-each-parallel,Transform data from CSV files with Pandas in Python containers (in parallel),Transform data from CSV files with Pandas in Python containers (in parallel) using Docker. Automate this process reliably. Open-source and ready to use.,152
python-docker-artifact-registry-gcp,Run Python script in a Docker container based on Google Artifact Registry container image,Run Python script in a Docker container based on Google Artifact Registry container image. Automate cloud operations without writing glue code.,143
python-generate-outputs,"Run a Python script and generate outputs, metrics and files specified with a variable",Run a Python script and generate outputs. Master Kestra workflow patterns with a ready-to-run example. Open-source and ready to use.,132
python-partitions-metrics,"Process partitions in parallel in Python, report outputs and metrics about number of rows and processing time for all partitioned files",Process partitions in parallel in Python using Docker. Master Kestra workflow patterns with a ready-to-run example. Open-source and ready to use.,145
python-subflow-component,"Create a Python subflow, acting like an abstracted component",Create a Python subflow using Docker. Master Kestra workflow patterns with a ready-to-run example. Open-source and ready to use.,128
query-clickhouse,Ingest data to and query data from ClickHouse,Ingest data to and query data from ClickHouse. Automate this process reliably and focus on what matters. Open-source and ready to use.,134
react-to-sqs-trigger,React to an SQS trigger,React to an SQS trigger using Shell. Automate cloud operations without writing glue code. Open-source and ready to use.,119
redis-generate-mock-user-json,Set a single mock user JSON in Redis,Set a single mock user JSON in Redis. Automate this process reliably and focus on what matters. Open-source and ready to use.,125
redis-key-value-store,Store and retrieve JSON data using Redis,Store and retrieve JSON data using Redis. Automate this process reliably and focus on what matters. Open-source and ready to use.,129
redis-list-realtime-trigger,Use Redis List Realtime Trigger to push events into Cassandra,Use Redis List Realtime Trigger to push events into Cassandra. Automate this process reliably and focus on what matters. Open-source and ready to use.,150
redis-list,Add a list of strings to Redis,Add a list of strings to Redis. Automate this process reliably and focus on what matters. Open-source and ready to use.,119
redis-set-parallel,Add multiple Redis keys in parallel from JSON input,Add multiple Redis keys in parallel from JSON input. Master Kestra workflow patterns with a ready-to-run example. Open-source and ready to use.,143
regex-input,Parametrized flow with custom validators to ensure correct integer value range and Regex-based string pattern validation,Parametrized flow with custom validators to ensure correct integer value range and Regex-based string pattern validation. Master Kestra workflow patterns.,154
request-resources,Use conditional inputs to request compute resources and wait for approval,Use conditional inputs to request compute resources and wait for approval using Slack. Master Kestra workflow patterns. Open-source and ready to use.,149
retries,Retry a failing task up to 4 times (allowing up to 5 attempts with up to 4 retries),Retry a failing task up to 4 times (allowing up to 5 attempts with up to 4 retries) using Shell. Master Kestra workflow patterns. Open-source and ready to use.,159
runif-task-attribute,Run the task based on runIf condition,Run the task based on runIf condition using Schedule. Master Kestra workflow patterns with a ready-to-run example. Open-source and ready to use.,144
s3-dataset-assets,Register S3 JSON files as governed datasets and curate them with DuckDB,Register S3 JSON files as governed datasets and curate them with DuckDB. Automate this process reliably and focus on what matters. Open-source and ready to use.,160
s3-map-over-objects,List objects in an S3 bucket and process them in parallel,List objects in an S3 bucket and process them in parallel. Automate cloud operations without writing glue code. Open-source and ready to use.,141
s3-parallel-uploads,"Download a zip file, unzip it and upload all files in parallel to AWS S3 - using pluginDefaults to avoid boilerplate code","Download a zip file, unzip it, and upload all files in parallel to AWS S3. Automate cloud operations without writing glue code. Open-source and ready to use.",157
s3-trigger-duckdb,"Anomaly detection using DuckDB SQL query and S3 file event trigger, sending a CSV file attachment via email if anomalies are detected",Anomaly detection using DuckDB SQL query and S3 file event trigger. Automate cloud operations without writing glue code. Open-source and ready to use.,150
s3-trigger-python,Detect New Files in S3 and process them in Python,Detect New Files in S3 and process them in Python using Docker. Automate cloud operations without writing glue code. Open-source and ready to use.,146
s3-trigger,AWS S3 Event Trigger ,AWS S3 Event Trigger. Automate cloud operations without writing glue code. Open-source and ready to use.,104
salesforce-postgres-sync,Sync customer data from Postgres to Salesforce,Sync customer data from Postgres to Salesforce. Eliminate repetitive manual tasks and reclaim your time. Open-source and ready to use.,134
salesforce-query-company,Query customer data from Salesforce,Query customer data from Salesforce. Eliminate repetitive manual tasks and reclaim your time. Open-source and ready to use.,123
scan-dynamodb-table,Extract and process data from DynamoDB,Extract and process data from DynamoDB using Shell. Automate cloud operations without writing glue code. Open-source and ready to use.,134
schedule-condition-datetimebetween,Executes flow on schedule trigger with DateTimeBetween condition,Executes flow on schedule trigger with DateTimeBetween condition. Master Kestra workflow patterns with a ready-to-run example. Open-source and ready to use.,156
schedule-condition-dayweek,Executes flow on schedule trigger with DayWeek condition,Executes flow on schedule trigger with DayWeek condition. Master Kestra workflow patterns with a ready-to-run example. Open-source and ready to use.,148
schedule-condition-dayweekinmonth,Executes flow on schedule trigger with DayWeekInMonth condition,Executes flow on schedule trigger with DayWeekInMonth condition. Master Kestra workflow patterns with a ready-to-run example. Open-source and ready to use.,155
schedule-condition-not,Executes flow on schedule trigger with Not condition,Executes flow on schedule trigger with Not condition. Master Kestra workflow patterns with a ready-to-run example. Open-source and ready to use.,144
schedule-condition-or,Executes flow on schedule trigger with Or condition,Executes flow on schedule trigger with Or condition. Master Kestra workflow patterns with a ready-to-run example. Open-source and ready to use.,143
schedule-condition-publicholiday,Executes flow on schedule trigger with PublicHoliday condition,Executes flow on schedule trigger with PublicHoliday condition. Master Kestra workflow patterns with a ready-to-run example. Open-source and ready to use.,154
schedule-condition-timebetween,Executes flow on schedule trigger with TimeBetween condition,Executes flow on schedule trigger with TimeBetween condition. Master Kestra workflow patterns with a ready-to-run example. Open-source and ready to use.,152
schedule-condition-weekend,Executes flow on schedule trigger with Weekend condition,Executes flow on schedule trigger with Weekend condition. Master Kestra workflow patterns with a ready-to-run example. Open-source and ready to use.,148
send-email-with-attachment,Send an email and corresponding attachments with Resend,Send an email and corresponding attachments with Resend. Eliminate repetitive manual tasks and reclaim your time. Open-source and ready to use.,143
sendgrid-notify-on-failure,Send a SendGrid email notification when a workflow fails,Send a SendGrid email notification when a workflow fails. Never miss a critical failure with instant automated alerts. Open-source and ready to use.,148
sensitive-data,"Extract data, mask sensitive columns using DuckDB and load it to BigQuery","Extract data, mask sensitive columns using DuckDB and load it to BigQuery. Automate cloud operations without writing glue code. Open-source and ready to use.",157
sentry-alert,Send an alert to Sentry when a flow fails,Send an alert to Sentry when a flow fails. Automate this process reliably and focus on what matters. Open-source and ready to use.,130
shell-scripts,Run Shell Scripts and Shell commands in a working directory using a Process Task Runner,Run Shell Scripts and Shell commands in a working directory using a Process Task Runner. Master Kestra workflow patterns. Open-source and ready to use.,151
slack-failure-alert,Failure notifications to Slack to monitor the health of production workflows,Failure notifications to Slack to monitor the health of production workflows. Eliminate repetitive manual tasks. Open-source and ready to use.,142
slack-project-channel,"Bootstrap a Project Slack Channel (Create, Invite, Welcome)","Bootstrap a Project Slack Channel (Create, Invite, Welcome). Eliminate repetitive manual tasks and reclaim your time. Open-source and ready to use.",147
slack-weekly-standup-reminder,Weekly Stand-up Reminder in Slack,Weekly Stand-up Reminder in Slack. Eliminate repetitive manual tasks and reclaim your time. Open-source and ready to use.,121
snowflake-query-trigger,Event-driven workflow based on a Snowflake query condition,Event-driven workflow based on a Snowflake query condition using Shell. Automate this process reliably and focus on what matters. Open-source and ready to use.,159
snowflake-query,Query data in Snowflake,Query data in Snowflake. Automate this process reliably and focus on what matters. Open-source and ready to use.,112
snowflake,"Snowflake ETL: load files to internal stage, copy from stage to a table and run analytical SQL queries ",Snowflake ETL: load files to internal stage. Automate this process reliably and focus on what matters. Open-source and ready to use.,132
splunk-log-shipper,Ship Kestra logs to Splunk,Ship Kestra logs to Splunk. Master Kestra workflow patterns with a ready-to-run example. Open-source and ready to use.,118
sqlmesh,Orchestrate SQLMesh and DuckDB engine,Orchestrate SQLMesh and DuckDB engine using Git. Automate this process reliably and focus on what matters. Open-source and ready to use.,136
surreal-db-slack,CRUD operations in SurrealQL: run multiple SurrealDB queries and send the query results via Slack,CRUD operations in SurrealQL: run multiple SurrealDB queries and send the query results via Slack. Automate this process reliably. Open-source and ready to use.,160
surreal-db,Query SurrealDB and store the result as a downloadable artifact,Query SurrealDB and store the result as a downloadable artifact. Automate this process reliably and focus on what matters. Open-source and ready to use.,152
switch,Switch tasks depending on a specific value,Switch tasks depending on a specific value. Master Kestra workflow patterns with a ready-to-run example. Open-source and ready to use.,134
sync-from-git,Sync code from Git at regular intervals,Sync code from Git at regular intervals. Master Kestra workflow patterns with a ready-to-run example. Open-source and ready to use.,131
system-readonly-label,Using system readOnly label to disable editing the flow from UI,Using system readOnly label to disable editing the flow from UI. Master Kestra workflow patterns with a ready-to-run example. Open-source and ready to use.,155
tcp-send-example,Send a TCP message to a remote host for network checks and infrastructure automation,Send a TCP message to a remote host for network checks and infrastructure automation using Shell. Master Kestra workflow patterns. Open-source and ready to use.,160
telegram-notify-on-failure,Send a Telegram notification when a workflow fails,Send a Telegram notification when a workflow fails. Master Kestra workflow patterns with a ready-to-run example. Open-source and ready to use.,142
tenant-sync-from-git,Sync tenant resources at regular intervals,Sync tenant resources at regular intervals using Git. Master Kestra workflow patterns with a ready-to-run example. Open-source and ready to use.,144
trigger-subflow,Trigger a sub Flow,Trigger a sub Flow. Master Kestra workflow patterns with a ready-to-run example. Open-source and ready to use.,110
unreliable-flow,Send an alert to Zenduty when a flow fails,Send an alert to Zenduty when a flow fails using Shell. Master Kestra workflow patterns with a ready-to-run example. Open-source and ready to use.,146
upload-to-s3,Extract a CSV file via HTTP API and upload it to S3 by using scheduled date as a filename,Extract a CSV file via HTTP API and upload it to S3 by using scheduled date as a filename. Automate cloud operations without writing glue code.,143
vm-event-based-cleanup,Event-driven VM cleanup from vCenter removal events,Event-driven VM cleanup from vCenter removal events. Automate this process reliably and focus on what matters. Open-source and ready to use.,140
wdir-pandas-python-outputs,Pandas ETL - passing data between Python script tasks running in separate containers,Pandas ETL - passing data between Python script tasks running in separate containers using Docker. Automate this process reliably. Open-source and ready to use.,160
weaviate-csv,"Extract data from a CSV file, load it in batch to Weaviate and query it with GraphQL",Load CSV data in batch to Weaviate and query it with GraphQL. Automate intelligent workflows without custom AI infrastructure. Open-source and ready to use.,156
weaviate-load-and-query,"Extract data from a REST API, load it to Weaviate and query it with GraphQL",Load REST API data into Weaviate and query it with GraphQL. Automate intelligent workflows without custom AI infrastructure. Open-source and ready to use.,154
weekly-confluence-recap,Weekly recap of GitHub issues and Google Calendar meetings sent to Confluence,Weekly recap of GitHub issues and Google Calendar meetings sent to Confluence using Slack. Eliminate repetitive manual tasks. Open-source and ready to use.,155
weekly-notion-recap,Weekly recap of GitHub issues and Google Calendar meetings sent to Notion,Weekly recap of GitHub issues and Google Calendar meetings sent to Notion using Slack. Eliminate repetitive manual tasks. Open-source and ready to use.,151
whatsapp-notify-on-failure,Send a WhatsApp notification when a workflow fails,Send a WhatsApp notification when a workflow fails. Master Kestra workflow patterns with a ready-to-run example. Open-source and ready to use.,142
wikipedia-top10-python-pandas,Use BigQuery and Python script running in Docker to analyze Wikipedia page views,Use BigQuery and Python script running in Docker to analyze Wikipedia page views. Automate this process reliably. Open-source and ready to use.,143
zapier-trigger-zap,Trigger a Zapier Zap,Trigger a Zapier Zap. Eliminate repetitive manual tasks and reclaim your time. Open-source and ready to use.,108
zenduty-failure-alert,Send an alert to Zenduty when any flow fails in the company namespace,Send an alert to Zenduty when any flow fails in the company namespace. Master Kestra workflow patterns. Open-source and ready to use.,133
zip-to-parquet,Convert a zipped CSV file to Parquet using a Python ETL workflow,Convert a zipped CSV file to Parquet using a Python ETL workflow using Docker. Master Kestra workflow patterns. Open-source and ready to use.,141
